event_id,event_name,event_type,event_date,event_time,event_location,organizer
1,Leverage Distributed Schemas,Festival,2025-06-11,17:31:16,"Schöneberg, Berlin",Alejandro Meyer
2,Whiteboard Virtual E-Services,Concert,2025-05-22,06:11:20,"Charlottenburg, Berlin",Joshua Hobbs
3,Engage Web-Enabled Web Services,Concert,2025-12-19,21:24:23,"Tiergarten, Berlin",Paul Allen
4,Iterate Dot-Com Methodologies,Festival,2026-01-03,23:23:32,"Prenzlauer Berg, Berlin",Eric Johnston
5,Drive Front-End Users,Exhibition,2025-08-09,13:28:32,"Wedding, Berlin",Alejandro Meyer
6,Grow Real-Time Bandwidth,Concert,2025-08-08,07:28:10,"Charlottenburg, Berlin",Paul Allen
7,Exploit Out-Of-The-Box E-Services,Festival,2025-10-05,08:46:47,"Köpenick, Berlin",Joshua Hobbs
8,Utilize Value-Added Deliverables,Concert,2025-07-09,16:49:33,"Wedding, Berlin",Christopher Lee
9,Streamline Dynamic Systems,Conference,2025-12-24,10:08:34,"Prenzlauer Berg, Berlin",Thomas Douglas
10,Visualize Granular Vortals,Exhibition,2025-10-08,17:22:17,"Wedding, Berlin",Joshua Hobbs
11,Expedite Impactful Content,Fair,2025-11-10,14:36:49,"Friedrichshain, Berlin",Brandon Mathews
12,Incentivize World-Class Mindshare,Exhibition,2025-06-27,23:17:54,"Prenzlauer Berg, Berlin",Lisa Foster
13,Enhance Dynamic Action-Items,Festival,2025-08-07,00:25:18,"Prenzlauer Berg, Berlin",Matthew Fisher
14,Engage Holistic Platforms,Fair,2025-04-07,01:01:16,"Neukölln, Berlin",Leslie Oliver
15,Integrate Extensible Networks,Fair,2025-09-28,03:59:36,"Prenzlauer Berg, Berlin",David Hendricks
16,Deploy Enterprise E-Markets,Conference,2025-11-27,06:42:40,"Neukölln, Berlin",Joshua Hobbs
17,Facilitate Customized Markets,Conference,2026-02-12,03:47:40,"Prenzlauer Berg, Berlin",Leslie Oliver
18,Drive E-Business Web Services,Conference,2025-12-17,23:13:42,"Friedrichshain, Berlin",Alejandro Meyer
19,Visualize Ubiquitous Supply-Chains,Festival,2025-11-06,18:14:57,"Prenzlauer Berg, Berlin",Christopher Lee
20,Optimize Plug-And-Play Markets,Festival,2026-01-04,23:47:09,"Mitte, Berlin",Corey Rivera
21,Engineer Holistic Markets,Concert,2025-09-14,01:46:44,"Prenzlauer Berg, Berlin",Mark Horton
22,Productize Clicks-And-Mortar Niches,Concert,2026-01-18,08:33:46,"Köpenick, Berlin",Alexander Perkins
23,Embrace Collaborative Infrastructures,Exhibition,2025-04-02,11:36:46,"Charlottenburg, Berlin",Jason Edwards
24,Orchestrate Cross-Platform Convergence,Concert,2025-12-02,12:03:35,"Charlottenburg, Berlin",Brooke Williams
25,Redefine Extensible Supply-Chains,Conference,2025-03-12,23:04:00,"Neukölln, Berlin",Christopher Lee
26,Transform Integrated Architectures,Conference,2025-12-06,18:16:57,"Wedding, Berlin",Christopher Lee
27,Leverage Bricks-And-Clicks Experiences,Festival,2025-03-18,16:58:02,"Friedrichshain, Berlin",Mark Horton
28,Empower Holistic Partnerships,Conference,2025-05-15,13:38:59,"Tiergarten, Berlin",Eric Johnston
29,Iterate End-To-End Vortals,Conference,2025-11-16,02:54:59,"Wedding, Berlin",Thomas Douglas
30,Aggregate Collaborative E-Markets,Concert,2026-02-05,00:00:23,"Tiergarten, Berlin",Brooke Williams
31,Morph Synergistic Partnerships,Conference,2026-02-22,12:32:14,"Charlottenburg, Berlin",Leslie Oliver
32,Optimize Plug-And-Play Relationships,Exhibition,2025-11-27,06:02:19,"Prenzlauer Berg, Berlin",Corey Rivera
33,Utilize Interactive Partnerships,Fair,2025-06-16,05:45:21,"Prenzlauer Berg, Berlin",Brandon Mathews
34,Strategize Rich Infrastructures,Fair,2025-04-16,21:41:09,"Schöneberg, Berlin",Jason Edwards
35,Enable One-To-One Niches,Conference,2025-08-08,21:17:59,"Friedrichshain, Berlin",Christopher Lee
36,Generate Innovative E-Markets,Conference,2025-10-07,09:02:38,"Friedrichshain, Berlin",Lisa Foster
37,Synthesize B2B Roi,Fair,2025-03-29,06:54:54,"Charlottenburg, Berlin",Thomas Douglas
38,Mesh Back-End Roi,Conference,2025-04-14,15:25:56,"Wedding, Berlin",Paul Allen
39,Drive Cutting-Edge Platforms,Conference,2025-05-28,05:13:14,"Friedrichshain, Berlin",Andrea Thompson
40,Orchestrate Frictionless E-Business,Fair,2025-05-01,09:20:26,"Köpenick, Berlin",Roger Pierce
41,Whiteboard End-To-End Supply-Chains,Conference,2026-03-06,09:48:43,"Prenzlauer Berg, Berlin",Alexander Perkins
42,Scale Efficient Systems,Conference,2025-09-21,23:00:02,"Kreuzberg, Berlin",Thomas Douglas
43,Matrix Ubiquitous Relationships,Concert,2026-02-07,14:49:59,"Kreuzberg, Berlin",Alejandro Meyer
44,Iterate Scalable E-Business,Conference,2025-09-29,08:26:52,"Wedding, Berlin",Daniel Aguilar
45,Redefine Compelling Users,Exhibition,2025-08-05,13:06:54,"Neukölln, Berlin",Daniel Aguilar
46,Grow Cutting-Edge Networks,Concert,2025-06-01,15:52:35,"Kreuzberg, Berlin",Kimberly Petersen
47,Innovate Turn-Key E-Commerce,Conference,2025-06-09,10:33:45,"Wedding, Berlin",Lisa Foster
48,Monetize Efficient Convergence,Exhibition,2025-10-06,19:21:36,"Tiergarten, Berlin",Roger Pierce
49,Extend Next-Generation Convergence,Concert,2025-03-27,03:05:02,"Tiergarten, Berlin",Kimberly Petersen
50,Incubate B2B Portals,Festival,2025-03-15,16:39:51,"Charlottenburg, Berlin",Roger Pierce
